25 Toa Payoh Lorong 8,"Central, North & North East",Daily: $1.30 / 30 Mins,-,-,-,1.338624,103.860923
45 Burghley Drive,"Central, North & North East",$0.018 /min,$0.018 /min,$0.018 /min,$0.018 /min,1.3563851,103.8654055
Ang Mo Kio Hub,"Central, North & North East",Mon-Fri: $1.20 for 1st hr; $0.60 for sub. ½ hr or part thereof.,-,"Sat, Sun / Ph: $1.30 for 1st hr; $0.65 for sub. ½ hr or part thereof.",Same as Saturday,1.36943465,103.848333979347
Balestier Plaza,"Central, North & North East",Daily: $1.12 per hr,-,-,-,1.32572925,103.850382389479
Balestier Point,"Central, North & North East",8am-10pm: $1.20 per hr,Aft 10pm: $2 per entry,Same as wkdays,$2 per entry,1.3223448,103.8521323
Bras Basah Complex,"Central, North & North East",7am-5pm: $1 for ½ hr,5pm-1am: $0.50 for ½ hr,Same as wkdays,7am-1am: $0.50 for ½ hr,1.29690595,103.853544766605
Causeway Point,"Central, North & North East",7am-10.30pm: $1.20 for 1st hr or part thereof; $0.60 for sub.½ hr or part thereof.,7am-10.30pm: $1.20 for 1st hr or part thereof; $0.60 for sub. ½ hr or part thereof.,7am-12 midnight: $1.20 for 1st hr or part thereof; $0.60 for sub. ½ hr or part thereof.,Same as Saturday,1.43610095,103.786094850299
Central Place,"Central, North & North East",$1.80 for 1st hr; $0.85 for ½ hr,$1.80 for 1st hr; $0.85 for ½ hr,$1.80 for 1st hr; $0.85 for ½ hr,$2.50 per entry,1.2904753,103.8520359
City Square Mall,"Central, North & North East",7am-6pm: $1.20 for 1st hr; $0.60 for sub. 30 mins or part thereof.,6pm-3.30am: $3 per entry.,7am-6pm: $1.40 for 1st hr; $0.70 for sub. 30 mins; 6pm-3.30am: $3.50 per entry.,Same as Saturday,1.3112429,103.856577218363
Compass Point,"Central, North & North East",Daily(7am-11pm): $1.20 for 1st hr or part thereof; $0.60 for sub. ½ hr or part thereof.,-,-,-,1.3242594,103.839338127799
Goldhill Plaza,"Central, North & North East",7am-5.30pm: $1.60 for 1st hr; $1 for sub. ½ hr,5.30pm-12am: $2 per entry,7am-5.30pm: $1 per hr; Aft 5.30pm: $2 per entry,Same as Saturday,1.3177405,103.8432879
Heartland Mall,"Central, North & North East",7am-10.30pm: $1 per hr,Aft 10.30pm: $2 per hr,Same as wkdays,Same as wkdays,1.3596301,103.885225879812
Hindoo Road Off-Street,"Central, North & North East",Daily: 0700-0700: $0.50 / 30 mins (Per Minute Charging),-,-,-,1.3084883,103.8539658
Hougang Green Shopping Mall,"Central, North & North East",7am-5pm: $1.07 for 1st hr; $0.55 for sub. ½ hr,Aft 5pm: $1.20 per entry,Same as wkdays,7am-12am: $2.15 per entry; Aft 12am: $1.20 per entry,1.3791215,103.887841929741
Hougang Mall,"Central, North & North East",1st hr: $1.20;  2nd hr: $0.70 per ½ hr; 3rd hr onwards: $1 per ½ hr,1st hr: $1.20;  2nd hr: $0.70 per ½ hr; 3rd hr onwards: $1 per ½ hr,1st hr: $1.30;  2nd hr: $0.70 per ½ hr; 3rd hr onwards: $1 per ½ hr,Same as Saturday,1.3725735,103.89378785747
Hougang Plaza,"Central, North & North East",5am-5pm: $0.40 for ½ hr,Aft 5pm: $1.50 per entry,Same as wkdays,$1.50 per entry,1.3700979,103.895296
Junction 8 Shopping Centre,"Central, North & North East",12am-5.59pm - $1.07 for 1st hr; $0.32 for sub. 15 mins,Mon-Thu: 6pm-11.59pm: $2.14 per entry; Fri/Eve of PH: 6pm-2.59am: $2.14 per entry,3am-5.59pm: $2.14 for 1st 2hrs; $0.32 for sub. 15 mins; 6pm-2.59am: $2.14 per entry,3am-5.59pm: $2.14 for 1st 2hrs; $0.32 for sub. 15 mins; 6pm-11.59pm: $2.14 per entry,1.298199,103.844083
Kampong Bugis Off-Street,"Central, North & North East",Daily: 0700-0700: $0.50 /30 mins (Per Minute Charging),-,-,-,1.3070333,103.8662392
Kampong Kapor Road Off-Street,"Central, North & North East",Daily: 0700-0700: $0.50 /30 mins (Per Minute Charging),-,-,-,1.3091313,103.8554937
Mustafa Centre,"Central, North & North East",Daily: 1st hr: Free; $2 for sub. hr,-,-,-,1.3101243,103.8553164
Nex Mall,"Central, North & North East",Mon-Fri: $1.30 for 1st hr; $0.65 for sub. ½ hr,-,"Sat, Sun / Ph: $1.40 for 1st hr; $0.70 for sub. ½ hr",Same as Saturday,1.3504507,103.872244725768
Northpoint Shopping Centre,"Central, North & North East",Daily: $1.20 for 1st hr or part thereof; $0.80 for sub. ½ hr or part thereof.,-,-,-,1.4299239,103.8359914
Parliament House,"Central, North & North East",8.01am-6pm: $1.13 per ½ hr (per min basis),6.01pm-8am: $2.06 per entry,Same as wkdays,$2.06 per entry,1.28866955,103.851099037208
Ramada Hotel,"Central, North & North East",6am-6pm: $1.60 per hr,Aft 6pm: $2.20 per entry,Same as wkdays,Same as wkdays,1.327225,103.846493
Rivervale Mall,"Central, North & North East","Daily: $1.28 for 1st hr, $0.64 for sub. 30 mins or part thereof.",-,-,-,1.392278,103.904367862047
Sembawang Shopping Centre,"Central, North & North East",12am-11.59pm: $1.20 for 1st hr; $0.32 for sub. 15 mins,$1.20 for 1st hr; $0.30 for sub. 15 mins,Same as wkdays,Same as wkdays,1.44174255,103.824875309819
Shaw Plaza,"Central, North & North East",8am-5pm: $1.04 for 1st hr; $0.53 for sub. ½ hr,Aft 5pm: $1.55 per entry,Same as wkdays,Same as wkdays,1.3247817,103.851332694861
Shrewsbury Road Off-Street,"Central, North & North East","Daily, 0700-0700: $0.50 /30 mins (Per Minute Charging)",-,-,-,1.3181362,103.8476727
Square 2,"Central, North & North East",7am-6pm: $1.60 for 1st hr; $0.80 for sub. ½ hr,Aft 6pm: $2.20 per entry,Same as wkdays,$2.20 for 1st 4hrs; $1.10 for sub. ½ hr; Aft 6pm: $2.20 per entry,1.3207487,103.844163672977
Sun Plaza,"Central, North & North East",7am-5pm: $1.20 for 1st hr; $0.65 for sub. ½ hr,5pm-11pm: $2.20 per entry; Aft 11pm: $3.30 per entry,Same as wkdays,Same as wkdays,1.44815185,103.819502889986
The Verge,"Central, North & North East",7am-5pm: $1.60 per hr,5pm-12am: $2.50 per entry; Aft 12am: $1.30 per hr,Same as wkdays,7am-12am: $2.50 per entry; Aft 12am: $2 per hr,1.2929,103.8529
Thomson Plaza,"Central, North & North East",7am-12am: $1 for 1st hr; $0.60 for sub. ½ hr,7am-12am: $1 for 1st hr; $0.60 for sub. ½ hr,7am-11am & 4pm-12am: $1.20 for 1st hr; $0.70 for sub. ½ hr; 11am-4pm: $1.20 for 1st hr; $1 for sub. ½ hr,Same as Saturday,1.3546534,103.831072972866
Toa Payoh HDB Hub,"Central, North & North East",7am-6pm: $0.50 per ½ hr,6pm-1am: $1 per entry; Aft 10.30pm: $2 per entry,Same as wkdays,7am-1am: $1 per entry; Aft 10.30pm: $2 per entry,1.334193,103.847657
United Square Shopping Mall,"Central, North & North East",7pm-6pm: $2.20 for 1st hr; $1.10 for sub. hr,Aft 6pm: $2 per entry,7am-6pm: $2.20 for 1st 2hrs; $1.10 for sub. hr; Aft 6pm: $2 per entry,Same as Saturday,1.316701,103.844136
Velocity @ Novena Square,"Central, North & North East",6am-6pm: $1.60 for 1st hr; $0.80 for sub. ½ hr,Aft 6pm: $2.20 per entry,Same as wkdays,Same as wkdays,1.3198257,103.843884824071
Yishun YS-ONE,"Central, North & North East",0700-2230: $0.0167 /min,2230-0700: $0.0167 /min ;(Capped at $4.00),Same as wkdays,"0700-2230: Free Parking, 2230-0700: $0.0167/min (Capped at $4.00)",1.429384,103.83497
112 Katong,East,6am-9.59am: $0.54 for 1st hr; $0.16 for sub. 15mins. 10am-5.59pm: $1.07 for 1st hr; $0.27 for sub. 15mins.,6pm-8.59pm:$1.28 for 1st 30mins; $0.65 for sub. 15mins. 9pm-5.59am: $0.54 for 1st hr; $0.16 for sub. 15mins.,6am-9.59am: $0.54 for 1st hr; $0.16 for sub. 15mins. 10am-8.59pm: $1.28 for 1st 30mins; $0.65 for sub. 15mins. 9pm-5.59am: $0.54 for 1st hr; $0.16 for sub. 15mins.,Same as Saturday,1.305233,103.905055084155
Bedok Mall,East,"Daily: 12-11.59pm: $1.50 for 1st hr, $0.40 for sub. 15 mins",-,-,-,1.3256702,103.9314714
Bedok Point,East,$1.20 for 1st hr or part thereof; $0.70 for sub ½ hr or part thereof.,$1.20 for 1st hr or part thereof; $0.70 for sub ½ hr or part thereof.,Same as wkdays,Same as wkdays,1.32475745,103.932389569318
Century Square,East,3.01am-6pm: S$1.07 for 1st hr and S$0.32 every 15 mins or part thereof.,6.01am-3am: $2.14 per entry,3.01am-6pm:S$0.32 every 15 mins or part thereof; 6.01am-3am:$2.14 per entry.,Same as Saturday,1.35227645,103.943774152751
Changi Airport - South Car Park (between T2 and JetQuay),East,"$0.035 per min. Capped at $35 per 24hrs. (Limited parking spaces and on a first-come, first-served basis)",$0.035 per min. Capped at $35 per 24hrs.,$0.035 per min. Capped at $35 per 24hrs.,Same as Saturday,1.318631,103.970879
"Changi Airport - T1, T2, T3",East,"$0.04 per min      *Based on the per-minute rate of S$0.04, 24 hours of parking will be S$57.60.",$0.04 per min,$0.04 per min,Same as Saturday,1.357338,103.988565
Changi City Point,East,7.01am-6pm: $0.70 per ½ hr or part thereof.,6.01pm-7am: $2.50 per entry,7.01am-5pm: $2.50 for 1st 2hrs or part thereof; $1.20 for sub. ½ hr or part thereof. 5.01pm-7am: $2.50 per entry,Same as Saturday,1.33405185,103.962895369333
Changi Village Hotel,East,8am-6pm: $2 for 1st hr; $1.50 for sub. hr,Aft 6pm: $5.35 per entry,Same as wkdays,Same as wkdays,1.3900384,103.9867854
City Plaza,East,8am-5pm: $1.10 for 1st hr; $0.70 for sub. ½ hr,5pm-12am: $1.20 per entry; Aft 12am: $2.40 per entry,Same as wkdays,7am-12am: $1.20 per entry; Aft 12am: $2.40 per entry,1.3147322,103.893386107345
D'Resort,East,"Mon-Thu (excluding PH, Eve of PH & School Holiday) $0.024 per min; Max/day: $15 (Valid up to 12 midnight and not applicable for multiple entries).","Mon-Thu (excluding PH, Eve of PH & School Holiday) $0.024 per min; Max/day: $15 (Valid up to 12 midnight and not applicable for multiple entries).","Fri-Sat (Including PH, Eve of PH & School Holiday) $0.024 per min; 5pm-12am: $5 per entry. Max/day: $19.",Same as Saturday,1.3799828,103.9550047
Downtown East,East,"Mon-Thu (excluding PH, Eve of PH & School Holiday) $0.024 per min; Max/day: $12.50 (Valid up to 12 midnight and not applicable for multiple entries).","Mon-Thu (excluding PH, Eve of PH & School Holiday) 5pm-12am: $2.40 per entry. Max/day:$12.50; Fri: $3.40 per entry.","Fri-Sat (Including PH, Eve of PH & School Holiday) $0.024 per min; 5pm-12am: $3.40 per entry. Max/day: $16.",Same as Saturday,1.3773722,103.954647998901
East Coast Park E1/E2/E3 Off-Street,East,Daily: 0700-0700: $0.50 /30 Mins (Per Minute Charging),-,-,-,1.304668,103.925974
Eastpoint Mall,East,"Daily: $1.20 for 1st hr or part thereof, $0.30 for sub. 15 mins or part thereof.",-,Same as wkdays,Same as wkdays,1.3424679,103.9528535
Grand Mecure Roxy Hotel,East,Daily: $1.60 per hr,-,-,-,1.303117,103.9046
IKEA (Tampines),East,Daily free: 7am-11pm,-,-,-,1.37406645,103.932398544062
Katong Shopping Centre,East,7am-6pm: $1 per hr,Aft 6pm: $2 per entry,Same as wkdays,$2 per entry,1.30392625,103.901165713518
Katong Village,East,8am-6pm: $2.20 per hr,Aft 6pm: $6 per entry,Same as wkdays,Same as wkdays,1.3057886,103.8976313
Lifelong Learning Institute,East,6am-5:59pm: $0.90 per ½ hr. Full Day Parking-6am-11:59pm: $16.,6pm-11.59pm: $3.21 per entry; 12am-5.59am: $12 per entry,Same as wkdays,6am-11:59pm: $3.21 per entry; 12am-5.59am: $12 per entry,1.3196263,103.8928117
Paramount Hotel,East,8am-5pm: $0.60 per ½ hr,Aft 5pm: $2.50 per entry,Same as wkdays,$2.50 per entry,1.30629,103.91341
Parkway Parade,East,6am-6pm: $1 for 1st hr;  $0.40 for sub. ½ hr,6pm-2am: $1.50 per entry; Aft 2am: $20 per entry,6am-10am: $0.50 for 1st hr; $0.40 for sub.15 mins; 10am-6pm: $1.30 for 1st hr; $0.40 for sub. 15 mins; 6pm-2am: $2.10 per entry. Aft 2am: $20 per entry,Same as Saturday,1.3012585,103.905270203869
Roxy Square,East,7am-6pm: $1.20 for 1st hr; $1.40 for sub. hr,5pm-12am: $2.50 per entry,Same as wkdays,Same as wkdays,1.3043505,103.904071363112
Singapore Expo,East,Daily: $3.20 for 1st 2hrs; $1.50 for sub. ½ hr (Maximum Daily Charge:$20),-,Same as wkdays,Same as wkdays,1.3352329,103.959893116389
Singapore Post Centre,East,"7am-5pm: $1.60 for 1st hr, $1.00 for next sub  ½ hr","5pm-12am: $3/entry. 12am-7am: $1.60 for 1st hr, $1.00 for next sub ½ hr.","7am-1pm: $1.60 for 1st hr, $1 for next sub  ½ hr. 1pm-12am: $3 per entry; 12am-7am $1.60 for 1st hr, $1.00 for next sub ½ hr.","7am-12am: $3 per entry; 12am-7am $1.60 for 1st hr, $1.00 for next sub ½ hr .",1.31895315,103.89479014423
Tampines 1,East,1st hr $1.07; 2nd hr $0.55 per ½ hr; Aft 2hrs: $0.35 per 15 mins,1st hr $1.07; 2nd hr $0.55 per ½ hr; Aft 2hrs: $0.35 per 15 mins,1st hr $1.28; 2nd hr $0.60 per ½ hr; Aft 2hrs: $0.45 per 15 mins,Same as Saturday,1.35422,103.945124696256
Tampines Junction,East,8am-5pm: $1 for 1st hr; $0.50 for sub. ½ hr,Aft 5pm: $2 per entry,"Charges same as wkdays, but closed after 2pm",Closed,1.35233535,103.94194651007
Tampines Mall,East,12am-5:59pm: $1.07 for 1st hr; $0.32 for sub. 15mins,Mon-Thu: 6pm-11.59pm: $2.14 per entry; Fri & Eve of PH: 6pm-2.59am: $2.14 per entry,3am-5.59pm: $2.14 for 1st 2hrs; $0.32 for sub. 15mins; 6pm-2.59am: $2.14 per entry,3am-5.59pm: $2.14 for 1st 2hrs; $0.32 for sub. 15mins; 6pm-11.59am: $2.14 per entry,1.35254345,103.944738262852
Tampines Plaza (Compaq Centre),East,8am-5pm: $1 per ½ hr,Aft 5pm: $2 per entry,Same as wkdays,$2 per entry,1.35317,103.942798
Telepark,East,Daily: 7am-10pm: $0.70 per ½ hr (An additional surcharge of $22 per exit after 10pm),-,-,-,1.3532755,103.942132597421
White Sands Shopping Centre,East,7am-7pm: $1.20 per hr for 1st 2hrs; $1.20 for sub. ½ hr,Aft 7pm: $2 per entry,Same as wkdays,Same as wkdays,1.298199,103.844083
Amara Hotel,Hotels,8am-4.59pm: $2 per ½ hr,5pm-7.59am (the following day) : $3 per entry,Same as wkdays,$3 per entry,1.2750445,103.8435182
Berjaya Hotel,Hotels,8.30am-5pm: $1 per ½ hr,5pm-10pm: $1 per hr; Aft 10pm: Free,Same as wkdays,8.30am-10pm: $1 per hr. Aft 10pm: Free,1.27876,103.8432
Carlton Hotel,Hotels,7am-6pm: $3 for 1st hr; $1.50 for for sub. ½ hr,Aft 6pm: $6 per entry,Same as wkdays,Same as wkdays,1.2959265,103.8525189
Changi Village Hotel,Hotels,8am-6pm: $2 for 1st hr; $1.50 for sub. hr,Aft 6pm: $5.35 per entry,Same as wkdays,Same as wkdays,1.3900384,103.9867854
Concorde Hotel,Hotels,7am-6pm: $2.14 for 1st hr; $1.39 for sub. ½ hr,Aft 6pm: $3.75 per entry,Same as wkdays,$3.75 per entry,1.30061775,103.842155066753
Conrad Centennial Hotel,Hotels,7am-6pm: $3.30 for 1st hr; $1.10 for sub.½ hr,Aft 6pm: $2.20 per entry,$2.20 for 1st 2hrs; $1.10 for sub. hr,Same as Saturday,1.29347465,103.858809330399
Copthorne King's Hotel,Hotels,7am-12am: $3 for 1st hr; $1.50 for sub ½ hr,Aft 12am: $4 for 1st hr; $2 for sub ½ hr,Same as wkdays,Same as wkdays,1.2888,103.8366
Copthorne Orchid Hotel,Hotels,"8am-5pm: $1.50 for 1st hr; $1 for sub. hr, per day $20)",Aft 5pm: $3 per entry,Same as wkdays,Same as wkdays,1.293,103.8558
Elizabeth Hotel,Hotels,7am-5pm: $3 for 1st hr; $1.50 for sub. ½ hr,Aft 5pm: $4 per entry,$4 per entry,Same as Saturday,1.3081847,103.835805058796
Four Seasons Hotel,Hotels,6am-5pm: $6 for 1st hr; $3 for sub. ½ hr,Aft 5pm: $6 per entry,Same as wkdays,Same as wkdays,1.3052102,103.8286527
Furama City Centre Singapore,Hotels,5am-5pm: $1.40 for 1st ½ hr; $1.50 for sub. ½ hr,Aft 5pm: $3 per entry,Same as wkdays,$3 per entry,1.28655385,103.844623054289
Furama Riverfront Singapore,Hotels,7am-5pm: $1 per ½ hr,Aft 5pm: $6 per entry,Same as wkdays,Same as wkdays,1.2876345,103.8360928
Gallery Hotel,Hotels,"12pm-2pm: $3 for 1st hr; $1 for sub. ½ hr; $2 for 1st hr, $0.50 for sub. ½ hr from 2.01pm to 6.00pm for Mon-Thu",6pm-11.59pm: $3 for 1st hr; $1 for sub. ½ hr; $2 for 1st hr; $0.50 for sub. ½ hr  from 12am-11.59am for Mon-Thu,"6am-11.59pm: $3 for 1st hr; $0.50 for sub. ½ hr, $3 for 1st hr; $0.50 for sub. ½ hr from 12am-1.59am for Fri-Sun/PH ",$2 for 1st hr; $0.50 for sub. ½ hr from 2.01am-6am for Fri-Sun/PH,1.3333733,103.8918009
Goodwood Park Hotel,Hotels,8am-6pm: $4 for 1st hr; $2 for sub. ½ hr,Aft 6pm: $5 per entry,Same as wkdays,$5 per entry,1.3086899,103.834993474595
Grand Copthorne Waterfront Hotel,Hotels,7am-5pm: $3.75 for 1st hr; $2.14 for sub. hr,Aft 5pm: $4.28 per entry,Same as wkdays,$4.28 per entry,1.2905075,103.8349983
Grand Hyatt Hotel,Hotels,4am-4.59pm: $3.21 for 1st hr; $1.07 for sub. ½ hr,Aft 5pm: $5.35 per entry,Same as wkdays,4am-3.59am: $5.35 per entry,1.3063378,103.833317493313
Grand Mercure Roxy Hotel,Hotels,Daily: $1.60 per hr,-,-,-,1.3031174,103.9046
Grand Pacific Hotel (Formerly Allson Hotel),Hotels,7am-5pm: $1.32 per ½ hr,Aft 5pm: $3.57 per entry,Same as wkdays,$3.57 per entry,1.29679,103.85131
Grand Park City Hall Hotel,Hotels,7am-5pm: $3.28 for 1st hr; $1.55 for sub. ½ hr,Aft 5pm: $5.35 per entry,Same as wkdays,Same as wkdays,1.2926289,103.8501239
Grand Park Orchard,Hotels,8am-5pm: $3.50 for 1st hr; $1.50 for sub. ½ hr,Aft 5pm: $5 per entry,Same as wkdays,Same as wkdays,1.3031053,103.836202
Hilton Hotel,Hotels,8am-6pm: $7 for 1st hr,Aft 6pm: $7 per entry,Same as wkdays,$7 per entry,1.30832425,103.851963720699
Holiday Inn Atrium,Hotels,7am-5pm: $1.80 per hr,Aft 5pm: $3.60 per entry,Same as wkdays,$3.60 per entry,1.2890702,103.8340683
Holiday Inn Express Singapore,Hotels,$3 per ½ hr.,$3 per ½ hr.,Same as wkdays,Same as wkdays,1.3031534,103.836691
Holiday Inn Singapore Orchard City Centre,Hotels,$3 for 1st hr; $1.50 for sub. ½ hr,$3 for 1st hr; $1.50 for sub. ½ hr,Same as wkdays,Same as wkdays,1.3022946,103.841091646574
Inter-continental Hotel,Hotels,8am-5pm: $1.07 for 1st hr; $0.37 for sub. 10mins (Car park at Parco Bugis Junction),Mon-Thu: Aft 5pm: $2.50 per entry. Fri: $2.50 for 1st 2hrs; $0.25 for sub. 10 mins,$2.50 for 1st 2hrs; $0.25 for sub. 10 mins,Same as Saturday,1.297966,103.854767
"klapsons, The Boutique Hotel",Hotels,6.30am to 6.30pm - first 3 hours at $3.00 and subsequent half an hour at $1.50,6.30pm to 6.30am - $ 4.00 flat,After 2pm - $4.00 flat,$4.00 flat,1.273803,103.842199
Landmark Village Hotel (Formally Golden Landmark Hotel),Hotels,8am-5pm: $1.90 for 1st hr; $1.07 for sub. ½ hr,Aft 5pm: $2.14 per entry,Same as wkdays,$2.14 per entry,1.302168,103.857795
M Hotel,Hotels,7am-6pm: $1.50 per ½ hr,Aft 6pm: $3 per entry,"Charges same as wkdays, but $3 per entry after 1pm",$3 per entry,1.2736919,103.8449023
Mandarin Orchard Singapore,Hotels,7am-6pm: $3.50 for 1st hr; $1.20 for sub. ½ hr,Aft 6pm: $6 per entry,Same as wkdays,Same as wkdays,1.3020645,103.836341
Mandarin Oriental Hotel,Hotels,Mon-Thu: 7am-5pm: $2.20 for 1st 2hrs; $1.10 per ½ hr for sub. ½ hr (Car Park at Marina Square),Mon-Thu: 5pm-2am: $2.20 per entry; 2am-7am: $1.10 per ½ hr,Fri/Sat-Sun/PH: 7am-2am :$2.40 for 1st 2 hrs; $1.20 per hr for sub. 2hrs; $1.40 per ½ hr for sub. ½ hr after 4 hrs of parking. 2am-7am: $1.10 per ½ hr,Same as Saturday,1.2906606,103.858324
Marina Bay Sands,Hotels,7am-7pm: $6 for 1st hr; $1 for sub. hr; (Capped at $26 every 24hrs),Aft 7pm: $6 per entry,Same as wkdays,Same as wkdays,1.2836965,103.8607226
Marina Mandarin Hotel,Hotels,Mon-Thu: 7am-5pm: $2.20 for 1st 2hrs; $1.10 per ½ hr for sub. ½ hr (Car Park at Marina Square),Mon-Thu: 5pm-2am: $2.20 per entry; 2am-7am: $1.10 per ½ hr for sub. ½ hr,Fri-Sun/PH: 7am-2am :$2.40 for 1st 2hrs; $1.20 per hr for sub. 2hrs; $1.40 per ½ hr for sub. ½ hr after 4 hrs of parking. 2am-7am: $1.10 per ½ hr for sub. ½ hr,Same as Saturday,1.2916812,103.857162275
Novotel Clarke Quay,Hotels,7am-5pm: $1.07 per hr,Aft 5pm: $3.21 per entry,7am-1pm: $1.07 per hr; Aft 1pm: $3.21 per entry,$3.21 per entry,1.2915148,103.8445863
One Fullerton,Hotels,7am-6pm: $2.50 per ½ hr,After 6pm: $5 per entry,$5 per entry,$5 per entry,1.28570085,103.853944096761
Orchard Grand Court Hotel,Hotels,7am-5pm: $2.50 per hr,Aft 5pm: $3 per entry,Same as wkdays,$3 per entry,1.29735465,103.838460510348
Orchard Hotel Shopping Arcade,Hotels,7am-6pm: $5 for 1st hr; $1.50 for sub. ½ hr,Aft 6pm: $5.50 per entry,Same as wkdays,$5 per entry,1.301508,103.837839
Orchard Parade Hotel,Hotels,7am-5pm: $4 for 1st hr; $1.50 for sub. ½ hr,Aft 6pm: $4 per entry,Same as wkdays,$4 per entry,1.3065524,103.8278105
Pan Pacific Hotel,Hotels,Mon-Thu: 7am-5pm: $2.20 for 1st 2hrs; $1.10 per ½ hr for sub. ½ hr (Car Park at Marina Square),Mon-Thu: 5pm-2am: $2.20 per entry; 2am-7am: $1.10 per ½ hr,Fri/Sat-Sun/PH: 7am-2am :$2.40 for 1st 2 hrs; $1.20 per hr for sub. 2hrs; $1.40 per ½ hr for sub. ½ hr after 4 hrs of parking. 2am-7am: $1.10 per ½ hr,Same as Saturday,1.2915823,103.8594224
Pan Pacific Orchard,Hotels,7am-5pm: $4 for 1st hr; $1.50 for sub. ½ hr,Aft 5pm: $4 per entry,Same as wkdays,$4 per entry,1.3073882,103.8298879
Paramount Hotel,Hotels,8am-5pm: $0.60 per ½ hr,Aft 5pm: $2.50 per entry,Same as wkdays,$2.50 per entry,1.30629,103.91341
PARKROYAL on Beach Road,Hotels,7am-5pm: Multi Storey Carpark - $2.50 for 1st hr; $1.50 for sub. ½ hr. Hotel Driveway - $6 for 1st hr; $2 for sub. ½ hr.,Aft 5pm: Multi Storey Carpark - $2.50 per entry. Hotel Driveway - $6 per entry.,Charges same as wkdays but $2.50 per entry (Multi-Storey Carpark) & $6 per entry (Hotel Driveway) after 1pm. ,Multi-Storey Carpark - $2.50 per entry. Hotel Driveway - $6 per entry.,1.3002036,103.86076094344
Peninsula Excelsior Hotel,Hotels,8am-5pm: $2.60 for 1st hr; $1.50 for sub. ½ hr,Aft 5pm: $4 per entry,Same as wkdays,8am-5pm: $1.50 per hr; Aft 5pm: $4 per entry,1.2919459,103.8498204
Raffles Hotel,Hotels,12am-6pm: $3 for 1st ½ hr; $1.50 for sub. ½ hr,6pm-12am: $6 per entry,Same as wkdays,$6 per entry,1.294941,103.854302714415
Ramada Hotel,Hotels,6am-6pm: $1.60 per hr,Aft 6pm: $2.20 per entry,Same as wkdays,Same as wkdays,1.327225,103.846493
Regent Hotel,Hotels,7am-6pm: $5 for 1st hr; $2.50 for sub. ½ hr,Aft 6pm: $6 per entry,Same as wkdays,Same as wkdays,1.30462435,103.824848670038
Rendezvous Hotel,Hotels,Daily: $3.20 for 1st 2hrs; $1.60 for sub. hr,-,-,-,1.298583,103.849316
Royal Plaza On Scotts,Hotels,8am-6pm: $4 for 1st hr; $1.50 for sub. ½ hr,Aft 6pm: $5.50 per entry,Same as wkdays,$5.50 per entry,1.30694525,103.83196278549
Shangri-la Hotel,Hotels,7am-5pm: $6 for 1st hr; $2 for sub. ½ hr,Aft 5pm: $8 per entry,Same as wkdays,Same as wkdays,1.311352,103.826629214706
Sheraton Towers Hotel,Hotels,7am-6pm: $4 for 1st hr; $2 for sub. ½ hr,Aft 6pm: $6 per entry,Same as wkdays,$6 per entry,1.3119505,103.8364622
Singapore Marriott Hotel,Hotels,6am-6pm: $0.05 per min/$3 per hr,Aft 6pm: $0.05 per min/$3 per hr,Same as wkdays,Same as wkdays,1.2904753,103.8520359
Swissotel Merchant Court Hotel,Hotels,Daily: $4.50 for 1st hr; $1.50 for sub. ½ hr,-,-,-,1.288218,103.8456923
Swissotel Stamford Hotel,Hotels,8am-5pm: $2 for 1st hr; $0.50 for sub. 15mins (Car park at Raffles City Shopping Centre),Aft 5pm: $2.50 per entry,$2 for 1st 2hrs; $0.30 for sub. 15mins,Same as Saturday,1.2932748,103.8533288
"The Ritz Carlton, Millenia Singapore",Hotels,7am-6pm: $3.30 for 1st hr; $1.10 for sub.½ hr,Aft 6pm: $2.20 per entry,$2.20 for 1st 2hrs; $1.10 for sub. hr,Same as Saturday,1.289905,103.859579
Traders Hotel,Hotels,6am-5pm: $2.40 for 1st hr; $1.20 for sub. ½ hr,Aft 5pm: $3.50 per entry,"Charges same as wkdays, but $3.50 per entry after 1pm",$3.50 per entry,1.3043203,103.823896133379
York Hotel,Hotels,8.01am-6pm: $4 for 1st hr; $2 for sub. ½ hr,Aft 6pm: $5 per entry,Same as wkdays,$5 per entry,1.3069254,103.8351875
313@Somerset,Orchard Area,$2 for 1st hr; $1 for sub. ½ hr,Aft 6pm: $4.50 for 1st 3hrs; $1.50 for sub. ½ hr,Same as weekdays,$4.50 for 1st 3hrs; $1.50 for sub ½ hr,1.3010128,103.838539945158
Angullia Park Off-Street,Orchard Area,$1.00 /30 mins (Per Minute Charging),$0.50 /30 mins (Per Minute Charging),0700-1700 : $1.00 per 30 mins; 1700-0700: $0.50 per 30 mins (Per Minute Charging),$0.50 /30 mins (Per Minute Charging),1.3040951,103.8297739
Atrium @ Orchard,Orchard Area,Mon-Thurs: 12am-5.59pm: $1.07 for 1st hr; $0.32 for sub. 15mins; Fri & Eve of PH: $1.07 for 1st hr; $0.32 for sub. 15mins,Mon-Thurs: 6pm-11.59pm: $2.14 per entry; Fri & Eve of PH: 6pm-2.59am (the next day): $2.14 per entry,3am-5.59pm: $2.14 for 1st 2 hrs; $0.32 for sub. 15mins; Aft 6pm: $2.14 per entry,3am-5.59pm: $2.14 for 1st 2hrs; $0.32 for sub. 15mins.  6pm-11.59pm: $2.14 per entry,1.29997815,103.845591406665
Cathay Cineleisure Orchard,Orchard Area,From 7am: $2.40 for 1st hr; $1.40 for sub. ½ hr,Aft 6pm: $4.50 for 1st 3hrs; $1.60 for sub.½ hr,From 7am: $4.50 for 1st 3hrs; $1.60 for sub. ½ hr,Same as Saturday,1.30141075,103.836453207272
ComCentre (Exeter Rd),Orchard Area,7am-6pm: $3 for 1st hr; $1.50 for sub. ½ hr,6pm-6.59am: $3.50 per entry,7am-12.59pm: $3 for 1st hr; $1.50 for sub. ½ hr.  1pm-10pm: $3 for 1st 2hr; $1.20 for sub. ½ hr.,7am-10pm: $3 for 1st 2 hr; $1.20 for sub. ½ hr,1.2989247,103.838148823508
Concorde Hotel,Orchard Area,7am-6pm: $2.14 for 1st hr; $1.39 for sub. ½ hr,Aft 6pm: $3.75 per entry,Same as wkdays,$3.75 per entry,1.30061775,103.842155066753
Delfi Orchard,Orchard Area,8am-5pm: $3 for 1st hr; $1.93 for sub. ½ hr,5pm-11pm: $4.07 per entry (Car park closed at 11pm daily),Same as wkdays,8am-11pm: $4.07 per entry,1.3071673,103.828472905048
Elizabeth Hotel,Orchard Area,7am-6pm: $4 for 1st hr; $2 for sub. ½ hr,Aft 6pm: $5 per entry,Same as wkdays,$5 per entry,1.3081847,103.835805058796
Far East Plaza,Orchard Area,8am-5pm: $2.14 for 1st hr; $1.07 for sub. ½ hr.,Aft 5pm: $3.53 per entry.,Same as wkdays,$3.53 per entry.,1.3071429,103.833640466904
Far East Shopping Centre,Orchard Area,8am-5pm: $2.57 per hr; $1.28 for sub. ½hr.,5pm-12am: $3.75 per entry; 12am-8am the following day: $3.75 per entry,Same as wkdays,8am-12am: $3.75 per entry; 12am-8am the folowing day : $3.75 per entry,1.3055825,103.83004086985
Forum The Shopping Mall,Orchard Area,6am-5pm: $2.40 for 1st hr; $1.20 for sub. ½ hr,Aft 5pm: $3.20 per entry,"6am-5pm: $2.60 for 1st hr; $1.40 for sub. ½ hr, Aft 5pm: $3.20 per entry",$3.20 per entry,1.306135,103.828542
Four Seasons Hotel,Orchard Area,6am-5pm: $6 for 1st hr; $3 for sub. ½ hr,Aft 5pm: $6 per entry,Same as wkdays,Same as wkdays,1.3052102,103.8286527
Goodwood Park Hotel,Orchard Area,8am-6pm: $4 for 1st hr; $2 for sub. ½ hr,Aft 6pm: $5 per entry,Same as wkdays,$5 per entry,1.3086899,103.834993474595
Grand Hyatt Singapore,Orchard Area,4am-4.59pm: $3.21 for 1st hr; $1.07 for sub. ½ hr,Aft 5pm: $5.35 per entry,Same as wkdays,4am-3.59am: $5.35 per entry,1.3063453,103.8332833
Grand Park Orchard,Orchard Area,8am-5pm: $3.50 for 1st hr; $1.50 for sub. ½ hr,Aft 5pm: $5 per entry,Same as wkdays,Same as wkdays,1.3031053,103.836202
Grange Road Off-Street,Orchard Area,$1.00 /30 Mins (Per Minute Charging),$0.50 /30 mins (Per Minute Charging),0700-1700: $1.00 / per 30 mins. 1700-0700: $0.50 / per 30 mins (Per Minute Charging),$0.50 / 30 Mins. (Per Minute Charging),1.302684,103.823455
Hilton Hotel,Orchard Area,$7 per hr.,Aft 6pm: $7 per entry,Same as wkdays,Same as wkdays,1.30832425,103.851963720699
Holiday Inn Express Singapore,Orchard Area,$3 per ½ hr.,$3 per ½ hr.,Same as wkdays,Same as wkdays,1.3031534,103.836691
Holiday Inn Singapore Orchard City Centre,Orchard Area,$3 for 1st hr; $1.50 for sub. ½ hr,$3 for 1st hr; $1.50 for sub. ½ hr,Same as wkdays,Same as wkdays,1.3022946,103.841091646574
International Building,Orchard Area,Carpark not in use,Carpark not in use,Carpark not in use,Carpark not in use,1.30604935,103.831008417864
ION Orchard,Orchard Area,Mon-Thu: 8am-4.59pm: $2.67 for 1st hr; $0.64 for sub. 15 mins,Mon-Thu: 5pm-11.59pm: $3 per entry. 12am-7.59am $1.07 per hr,Fri/Sat-Sun/PH: 8am-4.59pm: $2.56 for 1st hr; $0.94 for sub. 15 mins. 5-11.59pm: $3.74 per entry. 12am-7.59am $1.07 per hour,Same as Saturday,1.30394785,103.831905138927
Liat Towers,Orchard Area,7am-6pm: $2.50 for 1st hr; $1.30 for sub. ½ hr,6pm-12am: $3.50 per entry,Same as wkdays,Same as wkdays,1.3051567,103.8304338
Lucky Plaza,Orchard Area,7am-4.59pm: $1.93 for 1st hr; $1.28 for sub. ½ hr,Aft 5pm: $3.38 per entry,Same as wkdays,Sun: 7am-9.59pm: $1.93 for 1st hr; $1.28 for sub. ½ hr; 10pm-6.59am: $3.38 per entry. PH: $4 per entry (Does not applies if PH falls on Sun),1.3042569,103.8339308
Mandarin Gallery,Orchard Area,6am-6pm: $3.50 for 1st hr; $0.05 per min,6pm-6am: $3.50 for 1st hr; $0.03 per min,Same as wkdays,Same as wkdays,1.3020303,103.8366424
Meritus Mandarin Singapore,Orchard Area,6am-6pm: $3.50 for 1st hr; $1.30 for sub. ½ hr,Aft 6pm: $6 per entry,Same as wkdays,Same as wkdays,1.3022046,103.836200724646
Ngee Ann City,Orchard Area,"12.01am-12pm, 2.01pm-5pm: $1.28 for ½ hr , 12.01pm-2pm: $1.82 for ½ hr",5.01pm-7pm:$1.82 for ½ hr; Aft 7pm: $4.28 per entry,"12.01am-12pm, 2.01pm-5pm: $2.57 for 1st hr; $1.61 for sub. ½ hr, 12.01pm-2pm, 5.01pm-7pm: $3.64 for 1st hr; $2.14 for sub. ½ hr, Aft 7pm: $4.28 per entry",Same as Saturday,1.30261705,103.834528466014
OG Orchard Point,Orchard Area,7am-10.59pm:$2 for 1st hr or part thereof; $1.50 per sub. ½ hr or part thereof.,11pm-6.59am: $2 per ½ hr or part thereof.,Same as wkdays,Same as wkdays,1.301226,103.840513791514
Orchard Building,Orchard Area,7am-5pm: $2.20 for 1st hr; $1.20 for sub. ½ hr (Car park closed at 1am daily ),5pm-1am: $3.60 per entry,Same as wkdays,7am-5pm: $3.60 for 1st 3hrs; $1.20 for sub. ½ hr; 5pm-1am: $3.60 per entry,1.30135925,103.837359499884
Orchard Central,Orchard Area,2am-6pm: $2 for 1st hr; $1 for sub. ½ hr,6pm-2am: $4.50 for 1st 3hrs; $1.50 for sub. ½ hr,Same as wkdays,2am-2am: $4.50 for 1st 3hrs; $1.50 for sub. ½ hr,1.3008042,103.839819
Orchard Hotel Shopping Arcade,Orchard Area,7am-6pm: $5 for 1st hr; $1.50 for sub. ½ hr,Aft 6pm: $5.50 per entry,Same as wkdays,$5 per entry,1.301508,103.837839
Orchard Parade Hotel,Orchard Area,$4 for 1st hr; $1.50 for sub. ½ hr,$4 for 1st hr; $1.50 for sub. ½ hr,Same as wkdays,Same as wkdays,1.3065524,103.8278105
Orchard Plaza,Orchard Area,7am-5pm: $1.39 for ½ hr,Aft 5pm: $3.85 per entry for 1st 3 hrs; $1.39 for sub. ½ hr,Same as wkdays,Same as wkdays,1.3013451,103.841158315526
Orchard Towers,Orchard Area,7am-5.59pm: $5 per hr,6pm-1.59am: $9 per entry. After 2am: $9 per entry,Same as wkdays,7am-1.59pm: $9 per entry. 2am-6.59pm: $9 per entry,1.3069763,103.829209150166
orchardgateway,Orchard Area,12am-5.59pm: $3 for 1st 1½ hrs or part thereof; $1.50 for sub. ½ hr or part thereof.,6pm-11.59pm: $4.80 1st 2½ hrs or part thereof; $1.80 for sub. ½ hr or part thereof.,$4.80 1st 2½ hrs or part thereof; $1.80 for sub. ½ hr or part thereof.,Same as Saturday,1.3006571,103.8388834
Pacific Plaza,Orchard Area,8am-6pm: $1.50 per ½ hr,Aft 6pm: $3 for 1st 2hrs; $1 for sub. ½ hr,Same as wkdays,Same as wkdays,1.30671105,103.831842446454
Palais Renaissance,Orchard Area,7am-5pm: $2.80 for 1st hr; $1.60 for sub. ½ hr,5pm-1am: $3.80 per entry; Aft 1am: $1.50 per hr,Same as wkdays,7am-1am: $3.80 per 4-hourly; 1am-7am: $1.50 per hr,1.307027,103.829773
Pan Pacific Orchard,Orchard Area,7am-5pm: $5 for 1st hr; $1.50 for sub. ½ hr,Aft 5pm: $5 per entry,Same as wkdays,$5 per entry,1.3073882,103.8298879
Paragon Shopping Centre,Orchard Area,3am-5.59pm: $2.58 for 1st hr; $1.48 for sub. ½ hr. Daily $2 surcharge from 9am-9pm.  Additional Peak Hr Surcharge of $1.28 from 12pm to 2:30pm daily.,Aft 6pm: $3.48 per entry. Daily $2 surcharge from 9am-9pm.,Same as wkdays,3am-5.59pm: $3.48 for 1st 2hrs; $0.05 for sub. mins. Aft 6pm: $3.48 per entry. Daily $2 surcharge from 9am-9pm.  Additional Peak Hr Surcharge of $1.28 from 12pm to 2:30pm daily.,1.298199,103.844083
Penang Road Off-Street,Orchard Area,$1.00 / 30 mins (Per Minute Charging),$0.50 / 30 mins (Per Minute Charging),0700-1700 : $1.00 / per 30 mins. 1700-0700: $0.50 / per 30 mins (Per Minute Charging),$0.50 / 30 mins (Per Minute Charging),1.2999807,103.8405815
Plaza Singapura,Orchard Area,Mon-Thu:$1.07 for 1st hr; $0.32 for sub. 15mins.  Fri & Eve of PH: $2.14 for 1st 2 hr; $0.32 for sub. 15mins.,Mon-Thu: 6pm-11.59pm: $2.14 per entry; Fri & Eve of PH: 6pm-2.59am: $2.14 per entry,3am-5.59pm: $2.14 for 1st 2hrs; $0.32 for sub. 15mins; Aft 6pm: $2.14 per entry,3am-5.59pm: $2.14 for 1st 2hrs; $0.32 for sub. 15mins. 6pm-11.59pm: $2.14 per entry,1.3004414,103.844902794187
Regent Hotel,Orchard Area,7am-6pm: $5 for 1st hr; $2.50 for sub. ½ hr,Aft 6pm: $6 per entry,Same as wkdays,Same as wkdays,1.30462435,103.824848670038
Royal Plaza On Scotts,Orchard Area,8am-6pm: $4 for 1st hr; $1.50 for sub. ½ hr,Aft 6pm: $5.50 per entry,Same as wkdays,$5.50 per entry,1.30694525,103.83196278549
Scape,Orchard Area,7am-4.59pm: $1.95 per hr,5pm-6.59am: $4.90 for 1st 3hrs; $1.95 for sub. hr,All day: $1.95 per hr or part thereof.,"7am-4.59pm: $1.95 per hr, 5pm-6.59am: $4.90 for 1st 3hrs; $1.95 for sub. hr.",1.30105065,103.835882781544
Shangri-la Hotel,Orchard Area,7am-5pm: $6 for 1st hr; $2 for sub. ½ hr,Aft 5pm: $8 per entry,Same as wkdays,Same as wkdays,1.311352,103.826629214706
Shaw Centre,Orchard Area,3.01am-6pm: $2 for 1st hr; $1.50 for sub. ½ hr,6.01pm-3.01am: $4 per entry,Same as wkdays,Same as wkdays,1.30625075,103.83192899186
Shaw House,Orchard Area,3.01am-6pm: $2 for 1st hr; $1.50 for sub. ½ hr,6.01pm-3.01am: $4 per entry,Same as wkdays,Same as wkdays,1.30582975,103.831525960107
Sheraton Towers Singapore,Orchard Area,7am-6pm: $4 for 1st hr; $2 for sub. ½ hr,Aft 6pm: $6 per entry,Same as wkdays,$6 per entry,1.3119505,103.8364622
Singapore Marriott Hotel,Orchard Area,6am-6pm: $0.05 per min/$3 per hr,Aft 6pm: $0.05 per min,Same as wkdays,Same as wkdays,1.2904753,103.8520359
Singapore Shopping Centre,Orchard Area,8am-8pm: $2.50 for 1st hr; $1.25 for sub. ½ hr,Aft 8pm: $3 per entry,Same as wkdays,Same as wkdays,1.2981147,103.844111198873
Starhub Centre,Orchard Area,7am-6pm: $2 for 1st hr; $1.50 for sub. ½ hr,"6pm-7am the following day:$2.00 for 1st hr, $1.50 for next subq 1/2hr",Same as wkdays,Same as wkdays,1.302835,103.8405848
Tanglin Mall,Orchard Area,6am-5pm: $2.40 for 1st hr; $1.20 for sub. ½ hr,Aft 5pm: $3.50 per entry,"Charges same as wkdays, but $3.50 per entry after 1pm",$3.50 per entry,1.3051187,103.8236297
Tanglin Shopping Centre,Orchard Area,8am-5.59pm: $3 for 1st hr; $1.75 for sub. ½ hr,Aft 6pm: $3.60 per entry,Same as wkdays,$3.60 per entry,1.306304,103.826865590493
Tangs,Orchard Area,"6am-6pm: $3 for 1st hr, $0.05/min",6pm-6am the following day: $6 Per entry,Same as wkdays,Same as wkdays,1.3047546,103.8330692
The Cathay,Orchard Area,8am-9:59am: $1.40 for ½ hr; 10am-9:59pm: $1.40 per hr,Aft 10pm: $3 per entry,8am-9:59pm: $1.40 per hr; Aft 10pm: $3 per entry,Same as Saturday,1.2995034,103.847675531102
The Centrepoint,Orchard Area,7am-5pm: $2 for 1st hr; $1.50 sub. ½ hr,Aft 5pm: $2 for 1st hr; $1.50 sub. hr,Same as wkdays,$2 for 1st hr; $1.50 for sub. hr,1.3018345,103.839712568599
The Heeren,Orchard Area,8am-11pm: $1.50 per ½ hr,8am-11pm: $1.50 per ½ hr,8am-11pm: $5 for 1st 3 hrs and $1.50 for subseqent ½ hr,Same as Saturday,1.30267485,103.837393164933
Traders Hotel,Orchard Area,6am-5pm: $2.40 for 1st hr; $1.20 for sub. ½ hr,Aft 5pm: $3.50 per entry,"Charges same as wkdays, but $3.50 per entry after 1pm",$3.50 per entry,1.3043203,103.823896133379
TripleOne Somerset,Orchard Area,7am-5.59pm: $1.50 per ½ hr (charges are before GST),6pm-11.59am: $1.80 per hr; 12am-6.59am:$0.50 sub 15 mins.,7am-5.59pm: $2 for 1st hr; $0.50 sub 15 mins. 6pm-11.59am: $1.80 per hr; 12am-6.59am:$0.50 sub 15 mins.,7am-11.59pm: $1.80 per hr; 12am-6.59am:$0.50 sub 15 mins.,1.3003561,103.8370041
Wheelock Place,Orchard Area,8am-6pm: $3 for 1st hr; $1.50 for sub. ½ hr,Aft 6pm: $4.50 per entry,Same as wkdays,Same as wkdays,1.3047504,103.8308342
Winsland House,Orchard Area,7am-7pm: $2.50 for 1st hr; $1.20 for sub. ½ hr,7pm-11pm: $3.50 per entry. Aft 11pm: $3.50 per entry,Same as wkdays,7am-11pm: $4.50 per entry. Aft 11pm: $3.50 per entry,1.2998079,103.8408677
Wisma Atria,Orchard Area,7am-5pm: $2.40 for 1st hr; $1.20 for sub. ½ hr (Lunch Hr Surcharge of additional $1.07 between 12pm - 2pm),Aft 5pm: $3.50 per entry,$3.60 for 1st 2hrs; $0.80 for sub. ½ hr,Same as Saturday,1.30372645,103.833239986329
York Hotel,Orchard Area,8.01am-6pm: $4 for 1st hr; $2 for sub. ½ hr,Aft 6pm: $5 per entry,Same as wkdays,$5 per entry,1.3069254,103.8351875
Changi Chapel and Museum (The Changi Museum),Singapore Attractions,Free daily,-,-,-,1.362275,103.973266
Chinatown Heritage Centre,Singapore Attractions,"Parking is available at the public car park adjacent to the Buddha Tooth Relic Temple, URA centre and People's Park Centre.",-,-,-,1.2834963,103.8443296
Chinese Garden,Singapore Attractions,6am-6pm: Free 1st hr; $0.50 for sub. ½ hr,Aft 6pm: $0.50 per ½ hr,Same as wkdays,Same as wkdays,1.3423978,103.732544
Haw Par Villa,Singapore Attractions,Daily(9am-7pm): $5 per entry (Car park closed after 7pm),-,-,-,1.28415485,103.782617020584
Hay Dairies Goat Farm,Singapore Attractions,Free daily: 9am-4pm,-,-,-,1.4320624,103.709568894187
Jurong Bird Park,Singapore Attractions,Daily(8am-5pm): $2 per entry,-,-,-,1.3190249,103.706668454742
Labrador Secret Tunnel ( Labrador Park ),Singapore Attractions,Free daily,-,-,-,1.357685,103.80938
Mandai Orchid Garden,Singapore Attractions,Free daily,-,-,-,1.403957,103.788915
Memories at Old Ford Factory,Singapore Attractions,Daily free parking at Carparks C and D,-,-,-,1.352781,103.769123
Mount Faber (Jewel Box),Singapore Attractions,Limited public parking spaces availiable. Valet parking at The Jewel Box is available at $5 per car,-,-,-,1.271258,103.819336
National Museum of Singapore,Singapore Attractions,"Limited parking facility is available at the National Museum. Other parking facilities are available at YMCA, Singapore Management University and Fort Canning Park",-,-,-,1.2965481,103.848317168441
Reflections at Bukit Chandu,Singapore Attractions,Daily free parking at Carparks C and D of Pepys Road,-,-,-,1.2794721,103.7940834
Resorts World Sentosa - Universal Studios Singapore (RWS B1 car park),Singapore Attractions,Mon-Thu: 7am-7pm: $7 for 1st hr; $1 for sub. ½ hr or part thereof. (Max: $28 per 24 hrs),Aft 7pm: $6 per entry,Fri/Sat-Sun/PH: 7am-7pm: $8 for 1st hr; $2 for sub. ½ hr or part thereof.  Aft 7pm: $8 per entry (Max: $28 per 24 hrs),Same as Saturday,1.31667,103.83333
Royal Selangor Pewter Museum ( Park at Clarke Quay),Singapore Attractions,$2.20 for 1st hr; $1.10 for sub. ½ hr (Car park at Clarke Quay),Aft 5pm: $2.50 per entry,Same as wkdays,$2.50 per entry,1.29152,103.842354
Sentosa (Beach and Imbiah car park),Singapore Attractions,"7am-5pm: Island Entry: $6 per car*; Parking - $3 for 1st 4hrs; $1 for sub. hr. Except 12pm-2pm: Island Entry $2 per car*, free parking. *Rates covers all passengers in car",5.01pm-6.59am: Island entry: $2 per car*; parking - $1 per entry,7am-5pm: Island entry: $7 per car*; Parking - $5 for 1st 4 hrs; $2 for sub. hr; 5.01pm-6.59am: $3 per car*; parking - $2 per entry,Same as Saturday,1.253915,103.819453
Sentosa (Tanjong & Palawan car park),Singapore Attractions,"7am-5pm: Island Entry: $6 per car*; Parking - $3 for 1st 8hrs; $1 for sub. hr. Except 12pm-2pm: Island Entry $2 per car*, free parking. *Rates covers all passengers in car",5.01pm-6.59am: Island entry: $2 per car*; parking - $1 per entry,7am-5pm: Island entry: $7 per car*; Parking - $3 for 1st 8hrs; $1 for sub. hr; 5.01pm-6.59am: $3 per car*; parking - $1 per entry,Same as Saturday,1.246939,103.8251263
Singapore Art Museum,Singapore Attractions,"Parking at SAM reserved for cars with NHB parking labels.  Nearest Carparks available at Waterloo Street, Queen Street, NTUC Income Centre, Plaza by the Park and Singapore Management University.",-,-,-,1.29732835,103.850884853865
Singapore Botanic Gardens,Singapore Attractions,7am-10.30pm: $0.02 per min (8am-9am: $1 peak hr charge for all passing vehicles that enter from Kheam Hock Road and exit at Evans/Cluny Road) - Closed from 12am-5am daily,7pm-10.30pm: $2 per maximum cap,Same as wkdays,Same as wkdays,1.3146321,103.815615100524
Singapore City Gallery (URA centre),Singapore Attractions,6am-10pm: $1.10 per ½ hr (per min charging) Public parking is also available at the Erskine Road Off-Street Carpark next to Maxwell Road Food Centre.,10pm-6am: $3 per entry,Same as wkdays,6am-10pm: $0.55 per ½ hr (per min charging); Aft 10pm: $3 per entry,1.31667,103.83333
Singapore Flyer,Singapore Attractions,6am-6pm: $2 per hr or part thereof. Free Lunchtime Parking from 12pm to 2pm (only valid for vehicles entering the multi-storey carpark after 12pm).,6pm-6am:$2 per entry.,6am-12midnight: $2 per hr or part thereof. 12midnight- 6am: $2 per entry.,Same as Saturday,1.2894379,103.863259812499
Singapore Mint Coin Gallery,Singapore Attractions,Wkdays free: 8.30am-4.30pm,-,-,-,1.31667,103.83333
Singapore Philatelic Museum,Singapore Attractions,URA coupon parking. Nearest car park at Armenian Street between Bible House and Peranakan Museum,-,-,-,1.29282735,103.848773813635
Singapore Science centre/Singapore Discovery Centre / Snow City,Singapore Attractions,Daily: $0.50 per ½ hour,-,-,-,1.31667,103.83333
Singapore Turf Club (STC),Singapore Attractions,Daily: $5 per entry,-,-,-,1.31667,103.83333
Singapore Zoological gardens/Night Safari,Singapore Attractions,Daily: $3 for 1st hr; $2 sub. hr or part thereof. 4th hour onwards: $8.00 flat rate (maximum),-,-,-,1.403988,103.794299
Sungei Buloh Wetland Reserve,Singapore Attractions,Daily free: 7am-7pm,-,-,-,1.4449493,103.724470312596
The Arts House (Park at New Parliament House),Singapore Attractions,"Available at current Parliament House, The Adelphi and the road side along Empress Place",-,-,-,1.288601,103.85105
The Battle Box ( Park at Fort Canning,Singapore Attractions,URA coupon parking,-,-,-,1.29369,103.84665
Underwater World Singapore,Singapore Attractions,Mon-Thu: 7am-11.59pm: $7.50 for 1st 3 hrs; $5 per hr or part thereof,Mon-Thu: 12am-06.59am: $20 per entry,Fri-Sun incl. PH & Sch Holidays:7am-11.59pm: $9 for 1st 3 hrs; $5 per hr or part thereof. 12am-06.59am: $20 per entry,Fri-Sun incl. PH & Sch Holidays:7am-11.59pm: $9 for 1st 3 hrs; $5 per hr or part thereof. 12am-06.59am: $20 per entry,1.31667,103.83333
10 Raeburn Park,South & CBD,$1.07 per hr,"1700-2300:- $2.14 per entry, 2300-0800: $1.07 per hr","0800-1700: $1.07 per hr, 1700-2300: $2.14 per entry, 2300-0800: $1.07 per hr",$1.07 per hr,1.273284,103.833699
1557 Keppel Road,South & CBD,"0700-1900:$1.29 for 1st hr, $0.43 /15 mins thereafter",1900-0700: $2.14 /Entry,"0700-1300:-$1.29 for 1st hr, $0.43 per 15 mins thereafter; 1300-0700: $2.14 /Entry",$2.14 / Entry,1.2722697,103.8363133
34 Boon Leat Terrace,South & CBD,$0.80 / 30 mins,1800-2200: $2.50 per entry. 2200-0700: $4.00 per entry,0700-1300: $0.80 /30 mins. 1300-0700: $4.00 /entry,$4.00 / entry,1.2757376,103.7966799
798 Upper Bukit Timah Road,South & CBD,0000-0700: $2.14 /30 mins. 0700-0000: $1.07 /30 mins.,-,-,-,1.3726016,103.7630007
8 Shenton Way,South & CBD,7am-6pm: $2.30 per ½ hr,Aft 6pm: $2.80 per entry,Charges same as wkdays but $2.80 per entry after 1pm,$2.80 per entry,1.27571645,103.847277659665
Amara Hotel,South & CBD,8am-4.59pm: $2 per ½ hr,5pm-7.59am (the following day) : $3 per entry,Same as wkdays,$3 per entry,1.2750445,103.8435182
Asia Square,South & CBD,7am-5.59pm: $0.08 per min,6pm onwards: $3 per entry,7am-6.59am (next day): $3 per entry,Same as Saturday,1.2790064,103.851350851355
Bangkok Bank Building,South & CBD,7am-7pm: $2 for 1st ½ hr; $4 for sub. hr,7am-7pm: $2 for 1st ½ hr; $4 for sub. hr,Charges same as wkdays but Closed at 3pm,Closed,1.2792308,103.847711688851
Bayfront Avenue,South & CBD,7am-6pm: $3 per hr,Aft 6pm: $1.20 per hr,7am-1pm: $3 per hr. Aft 1pm: $1.20 per hr,$1.20 per hr,1.2823831,103.8593113
Berjaya Hotel,South & CBD,8.30am-5pm: $1 per ½ hr,5pm-10pm: $1 per hr; Aft 10pm: Free,Same as wkdays,8.30am-10pm: $1 per hr. Aft 10pm: Free,1.27876,103.8432
Bugis Junction,South & CBD,8am-5pm: $1.07 for 1st hr; $0.37 for sub. 10mins,Mon-Thu: Aft 5pm: $2.50 per entry. Fri: $2.50 for 1st 2hrs; $0.37 for sub. 10 mins,$2.50 for 1st 2hrs; $0.37 for sub. 10 mins,Same as Saturday,1.3000094,103.8556085
Burlington Square,South & CBD,7am-5pm: $0.04 per min,Aft 5pm: $2.20 per entry,$0.06 per min,Same as Saturday,1.30226265,103.852653024308
CapitaCommercial Trust (CCT),South & CBD,$2.05 per ½ hr,Aft 5pm: $3.10 per ½,Charges same as wkdays but $3.10 per ½ hr after 1pm,$3.10 per ½ hr,1.313324,103.882581
Capital Square,South & CBD,8am-6pm: $2.20 for ½ hr or part thereof.,6pm-8am: $3.20 per entry,Charges same as wkdays but $3.20 per entry after 1pm,$3.20 per entry,1.2838707,103.848943996101
Capital Tower,South & CBD,7am-6pm: $2.80 per ½ hr,Aft 6pm: $3.20 per entry,Charges same as wkdays but $3.20 per entry after 1pm,$3.20 per entry,1.27763235,103.847633101768
Carlton Hotel,South & CBD,7am-6pm: $3 for 1st hr; $1.50 for for sub. ½ hr,Aft 6pm: $6 per entry,Same as wkdays,Same as wkdays,1.2959265,103.8525189
Central Mall,South & CBD,6am-5pm: $2.00 for 1st hr; $1.00 for sub. ½ hr,Aft 5pm: $3.00 per entry,Same as wkdays,$3.00 per entry,1.2886103,103.842318258957
Central ©,South & CBD,6am-5pm: $2.20 for 1st hr; $1.10 for sub. ½ hr or part thereof,Aft 5pm: $3.50 per entry,Same as wkdays,$3.50 per entry,1.2904753,103.8520359
Chijmes,South & CBD,8am-5.59am :$2.20 for 1st hr; $0.55 for sub. 15 mins.,"6pm-5.59am: (Valet Parking Only) Valet Charge $4 per entry, Carpark charges: $4 per hr.",Same as wkdays,Same as wkdays,1.29520645,103.852112918742
China Square Central,South & CBD,8am-6pm: $1.80 per ½ hr or part thereof.,Aft 6pm: $3 per entry.  (12 midnight-6am: Closed),$3 per entry. (12 midnight-6am: Closed),Same as Saturday,1.2839832,103.8471541
Chinatown Point,South & CBD,7am-5pm: $1.20 per ½ hr,Aft 5pm: $2.50 per entry,Same as wkdays,$2.50 per entry,1.28519745,103.844905184844
Clarke Quay,South & CBD,7am-11.59am; 3pm-4.59pm: $2.14 for 1st 2hrs; $1.07 for sub. hr (Free parking between 12pm-2.59pm),Aft 5pm: $2.14 for 1st hr; $1.07 for sub. hr (Cap at $5.35),7am-4.59pm: $2.14 for 1st 2hrs; $1.07 for sub. hr; Aft 5pm: $2.14 for 1st hr; $1.07 for sub. hr (Cap at $5.35),$2.68 per entry,1.2903938,103.8454241
Clifford Centre,South & CBD,6am-5pm: $5 per hr  (Car park closed at 11pm daily from Mon-Sat),5pm-11pm: $3 per entry,Same as wkdays,Same as wkdays,1.28384595,103.852131443587
Conrad Centennial Singapore,South & CBD,7am-6pm: $3.30 for 1st hr; $1.10 for sub.½ hr,Aft 6pm: $2.20 per entry,$2.20 for 1st 2hrs; $1.10 for sub. hr,Same as Saturday,1.293525,103.8587748
Copthorne King's Hotel,South & CBD,7am-12am: $3 for 1st hr; $1.50 for sub ½ hr,Aft 12am: $4 for 1st hr; $2 for sub ½ hr,Same as wkdays,Same as wkdays,1.2888,103.8366
Copthorne Orchid Hotel,South & CBD,"8am-5pm: $1.50 for 1st hr; $1 for sub. hr, per day $20)",Aft 5pm: $3 per entry,Same as wkdays,Same as wkdays,1.293,103.8558
CPF Building Robinson Road,South & CBD,6am-5pm: $1.50 per ½ hr,Closed at 5pm. Cars remaining from 5pm onward will be charged an additional flat rate of $5,6am-1pm : $1.50 per ½ hr. Closed at 1:00pm. Cars remaining from 1:00pm onward will be charged an additional flat rate of $5,Closed,1.353068,103.943685
DBS Building,South & CBD,6am-7pm: $2.57 per ½ hr,Aft 7pm: $2.57 per entry,6am-1pm: $2.57 per ½ hr; aft 1pm: $2.57 per entry,$2.57 per entry,1.27741565,103.848679706949
Far East Square,South & CBD,6am-4.59pm: $2.14 per ½ hr,Aft 5pm: $3.21 per entry,$3.21 per entry,$3.21 per entry,1.28339685,103.848204687633
Far Eastern Bank Building,South & CBD,7am-6pm: $2.30 per ½ hr,Aft 6.30pm: $3.20 per entry,Charges same as wkdays but $3.20 per entry after 1pm,Closed,1.27998025,103.848142148203
Fortune Centre,South & CBD,7am-7pm: $3.22 per hr,Aft 7pm: $3.21 per entry,Same as wkdays,Same as wkdays,1.3003484,103.852291904148
Fu Lu Shou Complex,South & CBD,8am-5pm: $2.40 per hr,Aft 5pm: $2.20 per entry (Car park closed at 12.30am daily),Same as wkdays,Same as wkdays,1.3015896,103.854463606806
Fullerton Hotel,South & CBD,7am-6pm: $2.20 per ½ hr,After 6pm: $5 per entry,$5 per entry,$5 per entry,1.28620185,103.853072629982
Funan DigitaLife Mall,South & CBD,12am-5.59pm: $2.14 for 1st hr; $0.54 for sub. 15mins,6pm-9.59pm: $2.14 per entry,Same as wkdays,Same as wkdays,1.29143,103.84988
Furama City Centre Singapore,South & CBD,5am-5pm: $1.40 for 1st ½ hr; $1.50 for sub. ½ hr,Aft 5pm: $3 per entry,Same as wkdays,$3 per entry,1.28655385,103.844623054289
Furama Riverfront Singapore,South & CBD,7am-5pm: $1 per ½ hr,Aft 5pm: $6 per entry,Same as wkdays,Same as wkdays,1.2876345,103.8360928
Gallery Hotel,South & CBD,"12pm-2pm: $3 for 1st hr; $1 for sub. ½ hr; $2 for 1st hr, $0.50 for sub. ½ hr from 2.01pm to 6.00pm for Mon-Thu",6pm-11.59pm: $3 for 1st hr; $1 for sub. ½ hr; $2 for 1st hr; $0.50 for sub. ½ hr  from 12am-11.59am for Mon-Thu,"6am-11.59pm: $3 for 1st hr; $0.50 for sub. ½ hr, $3 for 1st hr; $0.50 for sub. ½ hr from 12am-1.59am for Fri-Sun/PH ",$2 for 1st hr; $0.50 for sub. ½ hr from 2.01am-6am for Fri-Sun/PH,1.3333733,103.8918009
Gillman Barracks,South & CBD,$0.50 / 30 mins,From 1700: $2.00 / entry,0700-1800 - Free Parking; 1800-0700: $2/entry.,Free Parking,1.27831825,103.80434375
Golden Mile Complex,South & CBD,7am-6pm: $2 for 1st hr; $1 for sub. ½ hr,Aft 6pm: $2.20 per entry,Same as wkdays,$2.20 per entry,1.3027466,103.865185983823
Golden Shoe Complex,South & CBD,7am-5pm: $2.60 per ½ hr,Aft 5pm: $3.30 per entry,Charges same as wkdays but $3.30 per entry after 1pm,$3.3 per entry,1.3034,103.864871
Grand Copthorne Waterfront Hotel,South & CBD,7am-5pm: $3.75 for 1st hr; $2.14 for sub. hr,Aft 5pm: $4.28 per entry,Same as wkdays,$4.28 per entry,1.2905075,103.8349983
Grand Pacific Hotel (Formerly Allson Hotel),South & CBD,7am-5pm: $1.32 per ½ hr,Aft 5pm: $3.57 per entry,Same as wkdays,$3.57 per entry,1.29679,103.85131
Grand Park City Hall,South & CBD,7am-5pm: $3.28 for 1st hr; $1.55 for sub. ½ hr,Aft 5pm: $5.35 per entry,Same as wkdays,Same as wkdays,1.2926289,103.8501239
Great Eastern Centre,South & CBD,8am-6pm: $1.80 per ½ hr (Car park at China square central; B2 closed from 12am-6am daily),6pm-12am: $3 per entry,8am-12am: $3 per entry,Same as Saturday,1.28482515,103.847683826915
Great World City,South & CBD,6.01am-5pm: $1.55 per hr,Aft 5pm: $3.30 per entry,$1.65 per hr (Max. of $6.00 per entry),Same as Saturday,1.29345175,103.831992943519
Harbourfront Centre,South & CBD,7am-6pm: $1.20 for 1st hr; $0.60 for sub. ½ hr,6pm-1am: $2.40 per entry; Aft 1am: $2.04 per hr,Same as wkdays,Same as wkdays,1.2636951,103.8203755
Holiday Inn Atrium Singapore,South & CBD,7am-5pm: $1.80 per hr,Aft 5pm: $3.80 per entry,Same as wkdays,$3.80 per entry,1.2890702,103.8340683
Hong Leong Building,South & CBD,7am-5pm: $2.50 per ½ hr,5pm-11pm: $3.10 per entry. Aft 11pm: Overnight Charge of $12,7am-1pm: $2.50 per ½ hr; 1pm-11pm: $3.10 per entry. Aft 11pm: Overnight Charge of $12,7am-11pm: $3.10 per entry. Aft 11pm: Overnight Charge of $12,1.2813384,103.85091665
Hub Synergy Point (Formerly Apex tower),South & CBD,7am-6pm: $1 per ½ hr,6pm-12am: $1 per hr,7am-2pm: $1 per ½ hr; 2pm-12am: $1 per hr,7am-12am: $1 per hr,1.273961,103.84485
Icon Village,South & CBD,7am-5pm: $1.50 per ½ hr,Aft 5pm: $3 per entry,7am-1pm: $3 per hr; Aft 1pm: $3 per entry,$3 per entry,1.2748595,103.8442033
Iluma,South & CBD,8am-5pm: $1.07 for 1st hr; $0.37 for sub. 10 mins,Mon-Thu: Aft 5pm: $2.50 per entry; Fri: $2.50 for 1st 2hrs; $0.25 for sub. 10 mins,$2.50 for 1st 2hrs; $0.25 for sub. 10 mins,Same as Saturday,1.299256,103.853826
Income At Raffles ( former Hitachi tower),South & CBD,7.30am-5.59pm: $2.75 per ½ hr,6pm to 7.29am : $3.30 per entry,7.30am-12.59pm: $2.75 per ½ hr. 1.00pm-7.29am: $3.30 per entry,7.30am-7.29am: $3.30 per entry.,1.284208,103.85273
Inter-continental Singapore Hotel,South & CBD,8am-5pm: $1.07 for 1st hr; $0.37 for sub. 10mins,Mon-Thu: Aft 5pm: $2.50 per entry. Fri: $2.50 for 1st 2hrs; $0.25 for sub. 10 mins,$2.50 for 1st 2hrs; $0.25 for sub. 10 mins,Same as Saturday,1.31667,103.83333
International Plaza,South & CBD,7am-5pm: $2.20 per ½ hr,Aft 5pm: $3 per entry,"Charges same as wkdays, but $3 per entry after 3pm ",$3 per entry,1.275755,103.845899858558
Keck Seng Tower,South & CBD,8am-6pm: $2.50 per ½ hr,6pm-10pm: $2.50 per entry,8am-2pm: $2.50 per ½ hr; 2pm-10pm: $2.50 per entry,Closed,1.2802339,103.8487622
Keppel Bay Tower / Harbourfront Tower One,South & CBD,7am-7pm: $1.05 per ½ hr,7pm-1am: $3.10 per entry; Aft 1am: $3.10 per hr,7am-1pm: $1.05 per ½ hr; 1pm-6pm: $1.20 for 1st hr; $0.60 for sub. ½ hr; 6pm-1am: $2.40 per entry; Aft 1am: $3.10 per hr,7am-6pm: $1.20 for 1st hr; $0.60 for sub. ½ hr; 6pm-1am: $2.40 per entry; Aft 1am: $3.10 per hr,1.265033,103.818253
Keypoint,South & CBD,$1.10 for ½ hr,$2 per entry (close at midnight),Same as wkdays,$2 per entry,1.302146,103.862897
"klapsons, The Boutique Hotel",South & CBD,6.30am to 6.30pm - first 3 hours at $3.00 and subsequent half an hour at $1.50,6.30pm to 6.30am - $ 4.00 flat,After 2pm - $4.00 flat,$4.00 flat,1.273803,103.842199
Landmark Village Hotel,South & CBD,8am-5pm: $1.90 for 1st hr; $1.07 for sub. ½ hr,Aft 5pm: $2.14 per entry,Same as wkdays,$2.14 per entry,1.30228445,103.85783728629
Liang Court,South & CBD,7am-5pm: $1.07 per hr,Aft 5pm: $3.21 per entry,7am-1pm: $1.07 per hr; Aft 1pm: $3.21 per entry,$3.21 per entry,1.29148095,103.844671388495
M Hotel,South & CBD,7am-6pm: $1.50 per ½ hr,Aft 6pm: $3 per entry,"Charges same as wkdays, but $3 per entry after 1pm",$3 per entry,1.2736919,103.8449023
Mandarin Oriental Hotel,South & CBD,Mon-Thu: 7am-5pm: $2.20 for 1st 2hrs; $1.10 per ½ hr for sub. ½ hr (Car Park at Marina Square),Mon-Thu: 5pm-2am: $2.20 per entry; 2am-7am: $1.10 per ½ hr,Fri/Sat-Sun/PH: 7am-2am :$2.40 for 1st 2 hrs; $1.20 per hr for sub. 2hrs; $1.40 per ½ hr for sub. ½ hr after 4 hrs of parking. 2am-7am: $1.10 per ½ hr,Same as Saturday,1.2906606,103.858324
"Marina Bay Financial Centre Tower 1, 2 ,3 & Marina Bay Link Mall",South & CBD,6am-6pm: $1.07 per 10 mins,Aft 6pm: $3.21 for 1st 4hrs; $0.27 for sub. 10 mins,$3.21 for 1st 4hrs; $0.27 for sub. 10 mins,Same as Saturday,1.280218,103.854199
Marina Bay Sands,South & CBD,7am-7pm: $7 for 1st hr; $1 for sub.½ hr; (Capped at $26 every 24hrs),Aft 7pm: $7 per entry,"Sat, Sun & Eve of PH: 7am-7pm: $8 for 1st hr; $1 for sub. ½ hr; Aft 7pm: $8 per entry",Same as Saturday,1.2836965,103.8607226
Marina Mandarin Hotel,South & CBD,Mon-Thu: 7am-5pm: $2.20 for 1st 2hrs; $1.10 per ½ hr for sub. ½ hr (Car Park at Marina Square),Mon-Thu: 5pm-2am: $2.20 per entry; 2am-7am: $1.10 per ½ hr,Fri/Sat-Sun/PH: 7am-2am :$2.40 for 1st 2 hrs; $1.20 per hr for sub. 2hrs; $1.40 per ½ hr for sub. ½ hr after 4 hrs of parking. 2am-7am: $1.10 per ½ hr,Same as Saturday,1.2916812,103.857162275
Marina Square,South & CBD,Mon-Thu: 7am-5pm: $2.20 for 1st 2hrs; $1.10 per ½ hr for sub. ½ hr,Mon-Thu: 5pm-2am: $2.20 per entry; 2am-7am: $1.10 per ½ hr,Fri/Sat-Sun/PH: 7am-2am :$2.40 for 1st 2 hrs; $1.20 per hr for sub. 2hrs; $1.40 per ½ hr for sub. ½ hr after 4 hrs of parking. 2am-7am: $1.10 per ½ hr,Same as Saturday,1.2903399,103.8584714
Merchant Square,South & CBD,8am-6pm: $2 for 1st ½ hr; $1 for sub. hr,Aft 6pm: $3 per entry,$3 per entry,$3 per entry,1.290076,103.8420635
Millenia Singapore,South & CBD,7am-6pm: $3.30 for 1st hr; $1.10 for sub.½ hr,Aft 6pm: $2.20 per entry,$2.20 for 1st 2hrs; $1.10 for sub. hr,Same as Saturday,1.2907183,103.8600473
Millenia Walk (Basement Car Park),South & CBD,7am-6pm: $3.30 for 1st hr; $1.10 for sub.½ hr,Aft 6pm: $2.20 per entry,$2.20 for 1st 2hrs; $1.10 for sub. hr,Same as Saturday,1.292181,103.859718
Millenia Walk (Surface parking @ L1),South & CBD,7am-6pm: $4.28 for 1st hr; $1.605 for sub. ½ hr,Aft 6pm: $4.28 for 1st 2hrs; $1.605 for sub. hr,$4.28 for 1st 2hrs; $1.605 for sub. hr,Same as Saturday,1.292181,103.859718
Neil Road Off-Street,South & CBD,$1.00 per 30 mins (Per Minute Charging),$0.50 per 30 mins (Per Minute Charging),0700-1700:$1.00 per 30 mins; 1700-0700: $0.50 per 30 mins (Per Minute Charging),$0.50 per 30 mins (Per Minute Charging),1.2773641,103.8374445
North Bridge Centre,South & CBD,8am-5pm: $1.30 per ½ hr,5pm-11pm: $3 per entry,$3 per entry,$3 per entry,1.2971872,103.854921143176
Novotel Clarke Quay,South & CBD,7am-5pm: $1.07 per hr,Aft 5pm: $3.21 per entry,7am-1pm: $1.07 per hr; Aft 1pm: $3.21 per entry,$3.21 per entry,1.2915148,103.8445863
OCBC centre,South & CBD,7am-6pm: $4 per hr,Aft 6pm: $3 per entry,$3 per entry,$3 per entry,1.2850333,103.849076864289
One Fullerton,South & CBD,7am-6pm: $2.50 per ½ hr,Aft 6pm: $5 per entry,$5 per entry,$5 per entry,1.28570085,103.853944096761
One Raffles Quay,South & CBD,6am-6pm: $1.07 per 10mins,Aft 6pm: $3.21 for 1st 4hrs; $0.27 per sub. 10 mins,$3.21 for 1st 4hrs; $0.27 per sub. 10 mins,Same as Saturday,1.2813336,103.8523533
OUB Centre,South & CBD,7am-5pm : $2.62 per ½ hr,Aft 5pm: $3.21 per entry,Same as wkdays,Same as wkdays,1.280717,103.849692753962
OUE Bayfront (Formerly Overseas Union House),South & CBD,7am-5.59pm: $0.86 per 10mins block,Aft 6pm: $3.21 per entry,7am-2.59pm: $0.86 per 10mins block. 3pm-11.59am $3.21 per entry,$3.21 per entry,1.283408,103.852895
Pan Pacific Hotel,South & CBD,Mon-Fri: 7am-5pm: $2.20 for 1st 2hrs; $1.10 per ½ hr for sub. ½ hr (Car Park at Marina Square),Mon-Fri: 5pm-2am: $2.20 per entry; 2am-7am: $1.10 per ½ hr,7am-2am :$2.40 for 1st 2 hrs; $1.20 per hr for sub. 2hrs; $1.20 per ½ hr for sub. ½ hr after 4 hrs of parking. 2am-7am: $1.10 per ½ hr,Same as Saturday,1.2915823,103.8594224
Parklane Shopping Mall,South & CBD,7am-7pm: $2.50 for 1st hr; $1.25 for sub. ½ hr,7pm-12am: $2.50 per entry. Aft 12am: $2.50 per entry,Same as wkdays,7am-12am: $3 per entry,1.300686,103.849458725465
PARKROYAL on Beach Road,South & CBD,7am-5pm: Multi Storey Carpark - $2.50 for 1st hr; $1.50 for sub. ½ hr. Hotel Driveway - $6 for 1st hr; $2 for sub. ½ hr.,Aft 5pm: Multi Storey Carpark - $2.50 per entry. Hotel Driveway - $6 per entry.,Charges same as wkdays but $2.50 per entry (Multi-Storey Carpark) & $6 per entry (Hotel Driveway) after 1pm. ,Multi-Storey Carpark - $2.50 per entry. Hotel Driveway - $6 per entry.,1.3002036,103.86076094344
Pearl's Centre,South & CBD,8.30am-5pm: $1.20 per ½ hr (max $22.90),Aft 5pm: $2.50 per entry,Same as wkdays,$2.50 per entry,1.2815459,103.84087
Peninsula Excelsior Hotel,South & CBD,8am-5pm: $2.60 for 1st hr; $1.50 for sub. ½ hr,Aft 5pm: $4 per entry,Same as wkdays,8am-5pm: $1.50 per hr; Aft 5pm: $4 per entry,1.2919459,103.8498204
Peninsular Plaza,South & CBD,Season Parking Only,Season Parking Only,Season Parking Only,Season Parking Only,1.291968,103.849937
People's Park Centre,South & CBD,7am-5pm: $1.50 per ½ hr,Aft 5pm: $2.50 per entry,Same as wkdays,Same as wkdays,1.28583565,103.844033748199
PoMo (Fomerly Paradiz Centre),South & CBD,8am-5pm: $1.25 per ½ hr,Aft 5pm: $2.95 per entry,Same as wkdays,$2.95 per entry,1.299809,103.849336
PWC Building,South & CBD,8am-6pm: $2.20 per ½ hr,Aft 6pm: $3 per entry,$3 per entry,Closed,1.282091,103.849122
Raffles City,South & CBD,8am-5.59pm: $2.20 for 1st hr; $0.55 for sub. 15mins,6pm-7.59am: $3 per entry,"$2.20 for 1st 2hrs, $0.40 for sub. 15mins for 3rd and 4th hr, $0.60 for sub. 15mins for 5th hr onwards.",Same as Saturday,1.2936184,103.853137
Raffles Hotel,South & CBD,12am-6pm: $3 for 1st ½ hr; $1.50 for sub. ½ hr,6pm-12am: $6 per entry,Same as wkdays,$6 per entry,1.294941,103.854302714415
Republic Plaza,South & CBD,7am-5pm: $3 per ½ hr,Aft 5pm: $3 per entry,"Charges same as wkdays, but $3 per entry after 12pm",$3 per entry,1.2955205,103.8624882
Resorts World Sentosa,South & CBD,Mon-Thu: 7am-7pm: $7 for 1st hr; $1 for sub. ½ hr or part thereof. (Max: $28 per 24 hrs),Aft 7pm: $6 per entry,Fri/Sat-Sun/PH: 7am-7pm: $8 for 1st hr; $2 for sub. ½ hr or part thereof.  Aft 7pm: $8 per entry (Max: $28 per 24 hrs),Same as Saturday,1.2564096,103.8215225
Robertson Walk,South & CBD,6am-6pm: $1.50 for 1st hr or part thereof; $0.50 for sub. ½ hr or part thereof.,Aft 6pm: $4 per entry,Same as wkdays,$4 per entry,1.2918875,103.8414103
Robinson 77 (Formerly SIA Building),South & CBD,7am-5pm: $2.4 per ½ hr,5pm-11pm: $2.4 per entry,"Charges same as wkdays, but $2.4 per entry after 2pm ",$2.4 per entry,1.278126,103.848502
Robinson Centre,South & CBD,8am-5pm: $2 per ½ hr,Aft 5pm: $3 per entry,"Charges same as wkdays, but $2 per entry after 1pm ",Same as Saturday,1.2792862,103.849361008743
"School of the Arts, Singapore (SOTA)",South & CBD,7.00am-5.59pm: $2.50 per hr,6pm-2am (the next day): $5 per entry. 2.01am-6.59am: $5 (additional flat fee for overnight parking),7am-5.59pm: $2.50 per hr. 6pm-2am (the next day): $5 per entry. 2.01am-6.59am: $5 (additional flat fee for overnight parking),Same as Saturday,1.299086,103.849035
SGX Centre,South & CBD,7am-5pm: $2.50 per ½ hr,5pm-10pm: $3 per entry (The car park closed at 10pm daily),7am-10pm: $3 per entry,Same as Saturday,1.2790662,103.8498395
Shenton House,South & CBD,8am-5.30pm: $3 per ½ hr,Aft 5.30pm: $3 per entry,"Charges same as wkdays, but $3 per entry after 2pm ",$3 per entry ,1.2785707,103.850092671947
Sim Lim Square,South & CBD,3:30am-6pm: $0.05 per min,Aft 6pm: $2 per entry (1st hr Free parking from 6pm-10pm daily inclusive of PH),Same as wkdays,Same as wkdays,1.3030332,103.8530255
Sim Lim Tower,South & CBD,8am-6pm: $1.50 per ½ hr,Aft 6pm: $3 per entry,Same as wkdays,$3 per entry,1.30398835,103.854714271807
"Singapore General Hospital (Carpark C, E, G & I)",South & CBD,7am-9.59pm: $0.036 per min/$2.16 per hr,10pm-6.59am: $2.14 per entry,Same as wkdays,7am-9.59pm: $0.018 per min/$1.08 per hr; Aft 10pm: $2.14 per entry,1.279670,103.835991
Singapore General Hospital (Multi-Storey Carpark H),South & CBD,7am-9.59pm: $0.018 per min/$1.08 per hr,10pm-6.59am: $2.14 per entry,Same as wkdays,$2.14 per entry,1.31667,103.83333
Singapore Land Tower,South & CBD,For Tenants only,-,-,-,1.28470965,103.852022353487
Six Battery Road,South & CBD,7am-6pm: $3.10 per ½ hr,Aft 6pm: $3.70 per entry,"Charges same as wkdays, but $3.70 per entry after 1pm ",$3.70 per entry,1.28551495,103.851838596266
Sunshine Plaza,South & CBD,7am-6pm: $1.07 per ½ hr,Aft 6pm: $3.21 per entry,Same as wkdays,Same as wkdays,1.37779095,103.738921076348
Suntec City,South & CBD,7am-5pm: $2.20 for 1st hr; $1.10 for sub. ½ hr (excluding PH),5pm-12am:$2.20 per entry; Aft 12am:$1.10 per hr,$1.10 per hr,Same as Saturday,1.2946918,103.8591583
Swissotel Merchant Court Hotel,South & CBD,Daily: $4.50 for 1st hr; $3 for sub. hr,-,-,-,1.288218,103.8456923
Swissotel The Stamford Hotel,South & CBD,8am-5pm: $2 for 1st hr; $0.50 for sub. 15mins (Car park at Raffles City Shopping Centre),Aft 5pm: $2.50 per entry,$2 for 1st 2hrs; $0.30 for sub. 15mins,Same as Saturday,1.2932748,103.8533288
Tanjong Katong Complex,South & CBD,HDB coupon parking,HDB coupon parking,HDB coupon parking,HDB coupon parking,1.31648585,103.89435668596
The Adelphi,South & CBD,6am-5pm: $2.40 for 1st hr; $1.20 for sub. ½ hr,5pm-1am: $3.21 per entry,Same as wkdays,6am-1am: $3.21 per entry,1.29109805,103.8511883
The Concourse,South & CBD,7am-5pm: $2.14 for 1st hr; $1.07 for sub. ½ hr,Aft 5pm: $2.14 per entry,"Charges same as wkdays, but $1.07 per entry after 12pm ",$1.07 per entry,1.30102205,103.862492961574
The Corporate Office,South & CBD,7am-5pm: $4 per hr,Aft 5pm: $2.50 per entry,Same as wkdays,Closed,1.307436,103.772447
The Esplanade,South & CBD,6am-6pm: $2 per hr ($1.50 per ½ hr at Waterfront car park daily) 12pm-2pm $2 per entry,6pm-10pm: $6 per entry; Aft 10pm: $2 per entry,6am-6pm: $2 per hr ($1.50 per ½ hr at Waterfront car park daily),Same as Saturday,1.2884756,103.8610855
UE Square,South & CBD,8am-5pm: $2.00 for 1st hr; $1 for sub. hr,Aft 5pm: $3 per entry,8am-1pm: $2.00 for 1st hr; $1 for sub. hr; Aft 11pm: $3 per entry,$3 per entry,1.29215005,103.842680193722
UOB Plaza,South & CBD,7am-6pm: $2.50 per ½ hr,6pm-12am: $3.50 per entry. Aft 12am: $3.50 per entry,7am-12am: $3.50 per entry. Aft 12am $3.50 per entry,Same as Saturday,1.28538295,103.850718501509
Vivocity,South & CBD,7am-6pm: $1.20 for 1st hr; $0.60 for sub. ½ hr,6.01pm-4am: $3 per entry; Aft 4am: $2.50 per hr,7am-6pm: $1.40 for 1st hr; $0.70 for sub. ½ hr; 6.01pm-4am: $3.50 per entry; Aft 4am: $2.50 per hr,Same as Saturday,1.2650909,103.8224201
27 West Coast Highway,West,0000-0700: $0.75 / 30 mins (Capped at $4.28). 0700-2000: $0.75 / 30 mins (Capped at $4.28),-,-,-,1.3086553,103.757561
798 Upper Bukit Timah Road,West,0000-0700: $2.14 /30 mins. 0700-0000: $1.07 /30 mins.,-,-,-,1.3628453,103.7673564
Alexandra Retail Centre,West,7am to 6pm: $2/hr or part thereof.,6pm to 12mn: $2.40/entry; 12 mn to 7am: $2.40/hr or part thereof.,7am to 10am: $2/hr or part thereof; 10am to 12mn: $2.40/entry; 12 mn to 7am: $2.40/hr or part thereof.,7am to 12mn: $2.40/entry; 12 mn to 7am: $2.40/hr or part thereof.,1.2737892,103.80145663122
Anchorpoint Shopping Centre,West,8am-6.59pm: $1 for 1st ½ hr or part thereof; $2 for sub hr or part thereof.,7pm-7.59am: $2.50 per entry.,Same as wkdays,Same as wkdays,1.288446,103.804932
Bukit Panjang Plaza,West,"12am to 6pm :$1.07 for 1st hr, $0.32/min for sub.min.",6pm-12am: $2.14 per entry,"12am to 6pm :$2.14 for 1st 2 hr, $0.32 for sub 15mins",Same as Saturday,1.37865495,103.762090798175
Bukit Timah Plaza (Multi-Storey Car Park),West,7.30am-5pm: $1.28 per hr,5pm-12am: $2.25 per entry. Aft 12am: $2.25 per entry,Same as wkdays,Same as wkdays,1.340137,103.77937
Bukit Timah Shopping Centre,West,8am-5pm: $1.25 per hr,Aft 5pm: $2.10 per entry,Same as wkdays,Same as wkdays,1.3432265,103.775786
Coronation Shopping Plaza,West,Daily(7.01am-7am): $2 per hr.,-,-,-,1.3237563,103.8101748
Holland Road Shopping Centre,West,12am-8.59pm: $1.55 per ½ hr,Aft 9pm: $3.25 per entry,Same as wkdays,Same as wkdays,1.3104132,103.79547479615
IKEA (Alexandra),West,"Daily :$0.05 per min, $1.50 per 30 Mins (subsequently charged on a per minute basis)",-,-,-,1.28802365,103.805996178175
IMM Building,West,Free for 1st 2hrs for first entry only. Chargeable after 2nd hr of 1st entry @ $1.07 /hr; $0.30 for sub. 15 mins.,-,-,-,1.3346534,103.7477423
JCube,West,3.30am-5.59pm: $1.30 for 1st hr; sub 15 mins or part thereof: $0.30. *Free 2 Hour Parking from 12 - 2pm daily (Monday - Friday) from now to 15 Oct 2015.,6pm-3.29am: $2.50 per entry,Same as wkdays,Same as wkdays,1.33329985,103.740159291043
Junction 10,West,$1.25 for 1st hr; $0.65 for sub. hr,-,Same as wkdays,Same as wkdays,1.3803675,103.760167398216
Jurong Point Shopping Centre,West,7am-5pm: $1.07 for 1st 2hrs; $1.07 for sub. hr (Free parking from 12pm-2pm on Monday-Thursday),5pm-9pm: $2.14 for 1st 2hrs; $1.07 for sub. hr; Aft 9pm: $1.07 for 1st 3hrs; $1.07 for sub. hr,$2.14 for 1st 2hrs; $1.07 for sub. hr; Aft 9pm: $1.07 for 1st 3hrs; $1.07 for sub. hr,Same as Saturday,1.33949095,103.70521781367
Jurong Theatre,West,8am-8.59pm: $1.60 per hr,Aft 9pm: $3 per entry,Same as wkdays,$3 per entry,1.32028,103.69361
Lot 1 Shopping Centre,West,12am-5.59pm: $1.07 for 1st hr; $0.32 for sub. 15 mins.,"Mon-Thurs, 6pm-11.59pm: $2.14 per entry. Fri & Eve of PH, 6pm-2.59am: $2.14 per entry.",3am-5.59pm: $2.14 for 1st 2-hrs; $0.32 for sub. 15 mins. 6pm-2.59am: $2.14 per entry.,3am-5.59pm: $2.14 for 1st 2-hrs; $0.32 for sub. 15 mins. 6pm-11.59am: $2.14 per entry.,1.28748,103.803425
NUH,West,Daily: $0.03 per min,-,-,-,1.2962939,103.7834418
Queensway Shopping Centre,West,8am-6pm: $2 for 1st 1½hr; $1.20 for sub. ½ hr,Aft 6pm: $2.30 per entry,8am-6pm: $1.50 for 1st 1hr; $1.20 for sub. ½ hr; Aft 6pm: $2.30 per entry,Same as wkdays,1.2875024,103.803162408526
Savoy Theatre,West,8am-5pm: $1.20 per hr,Aft 5pm: $3.00 per entry,Same as wkdays,$3.00 per entry,1.3473431,103.711935753558
Serene Centre,West,8am-10pm: $1.53 for 1st hr; $1.53 for sub. ½ hr,Aft 10pm: $1.53 per entry,Same as wkdays,Same as wkdays,1.3225068,103.8136612
Sunshine Place,West,HDB coupon parking,HDB coupon parking,HDB coupon parking,HDB coupon parking,1.37779095,103.738921076348
The Clementi Mall,West,Daily: $1.50 for 1st hr; $0.80 for sub. ½ hr,-,-,-,1.31502865,103.764498189266
The Metropolis,West,"6am-6pm: $2.50 for 1st hr, sub $1.25 per 1/2 hr",Time period 1: 6pm-12am: $2.50 per entry; Time period 2: 12am-6am: $2.50 per entry,6am - 6pm: $1.00 per hour or part thereof; Aft 6pm same as wkdays,6am - 6pm: $1.00 per hour or part thereof; Aft 6pm same as wkdays,1.30621585,103.79124871133
The Star Vista,West,"12am-11.59pm:$1.30 for 1st hr, $0.65 for sub. 30 mins or part thereof.","$1.30 for 1st hr, $0.65 for sub. 30 mins or part thereof.",Sat & PH: Same as wkdays,"Sun:12am-11.59pm: $2.14 for 1st hr, $1.07 for sub. 30 mins or part thereof.",1.3068239,103.78837719813
Tiong Bahru Plaza,West,$1.50 for 1st hr; $0.80 for sub. ½ hr,$1.50 for 1st hr; $0.80 for sub. ½ hr,Same as wkdays,7am-6pm:$1.50 per hr; Aft 6pm: $3.60 per entry,1.2862781,103.827557
Turf City,West,Daily: Free parking,-,-,-,1.4220553,103.764182069032
Valley Point,West,Daily: $1.50 for 1st hr; $0.80 for sub. ½ hr,-,-,-,1.29304,103.8269
West Coast Plaza (Ginza Plaza),West,$1.25 for 1st hr; $1.00 for sub. ½ hr,$1.25 for 1st hr; $1.00 for sub. ½ hr,$1.50 for 1st hr; $1.00 for sub. ½ hr,Same as Saturday,1.303645,103.766292
West Mall,West,6am-5pm : $1.10 for 1st 2hrs or part thereof; $0.60 for sub. ½ hr or part thereof.,5pm-6am: $2.50 per entry.,6am-5pm: $1.10 for 1st hr or part thereof; $0.60 for sub. ½ hr or part thereof; 5pm-6am: $2.50 per entry.,6am-6am next day: $2.50 per entry.,1.3500765,103.749256627431
Westgate,West,Daily: $1.30 for 1st hr; $0.50 for sub. 15 mins,6pm - 11.59pm: $2.50 per entry,Same as wkdays,Same as wkdays,1.334194,103.742867075026
Yew Tee Point,West,Daily: $1.18 for 1st hr; $0.64 for sub. ½ hr or part thereof.,-,-,-,1.39695775,103.746612166001
